;Prélèvement;PertePoids
1;1;0.357728085
2;2;0.448230977
3;3;0.525909928
4;4;0.553113963
5;5;0.522479695
6;7;0.580477057
